delta,0
complex,2+4i
isodd,FALSE
iseven,TRUE
mround,9
imln,1.497866136777+1.10714871779409i
imexp,-4.82980938326939-5.59205609364098i