Name,Value,
A,54,
A,3,
A,53,
A,38,
A,27,
A,7,
A,3,
A,87,
A,11,
A,78,
A,39,
A,24,
B,36,
B,75,
B,59,
B,20,
B,78,
B,23,
B,33,
B,16,
B,76,
B,26,
B,14,
B,62,
C,59,
C,62,
C,6,
C,23,
C,78,
C,34,
C,34,
C,70,
C,44,
C,17,
C,31,
C,61,
C,30,
A,37,
A,55,
A,78,
C,30,
C,80,
C,9,
C,31,
C,64,
C,11,
C,86,
C,93,
,,
,43.16666667,43.16666667