Month  ,Units
11,"33,100"
12,"47,300"
13,"69,000"
14,"102,000"
15,"150,000"
16,"220,000"
,
Formula ,
1.463275628,495.3047702
,
Excel XP,
1.463275628,495.3047702
,
Calc 3.2.1,
1.463275628,495.3047702