Month  ,Units
11,"33,100"
12,"47,300"
13,"69,000"
14,"102,000"
15,"150,000"
16,"220,000"
,
Formula,
1.463275628,495.3047702
0.002633403,0.035834282
0.99980862,0.011016315
20896.8011,4
2.53601883,0.000485437
,
Excel XP,
1.463275628,495.3047702
0.002633403,0.035834282
0.99980862,0.011016315
20896.8011,4
2.53601883,0.000485437
,
Calc 3.2.1,
1.463275628,495.3047702
0.002633403,0.035834282
0.99980862,0.011016315
20896.8011,4
2.53601883,0.000485437