,Andy,Bruce,Charlie,Hmm,,,,,,,,
A,19.61096451,95.44387128,85.44693119,88,,,,,,,,
B,38.86554101,92.05420163,11.24843921,88,,,,,,,,
C,45.35360277,17.98086913,20.41511538,90,,,,,,,,
Total,103.8301083,205.478942,117.1104858,,,,,,,,,This is how the chart looks in Excel XP.